{"theta0": 8002.136272374374, "theta1": -4639.953111609723, "x_min": 22899.0, "x_max": 240000.0}